1,Kesariya,Pritam,C:\Users\Desktop\Songlist
2,Englist_Vinglish,Shilpa_Rao,C:\Users\Desktop\Songlist
3,Rang_Lageya,Mohit_Chauhan,C:\Users\Desktop\Songlist
4,Srivalli,Javed_Ali,C:\Users\Desktop\Songlist
5,Raanjhanaa,A_R_Rahman,C:\Users\Desktop\Songlist
6,Slow_Motion,Vishal_Shekhar,C:\Users\Desktop\Songlist
7,Chandra,Shreya_Ghoshal,C:\Users\Desktop\Songlist
8,Photocopy,Himesh_Reshammiya,C:\Users\Desktop\Songlist
9,Raat_Bhar,Shreya_Ghoshal,C:\Users\Desktop\Songlist
10,Fitoor,Arjit_Sing,C:\Users\Desktop\Songlist
